PRODUCT,DATE,NAME OF THE COMPANY,EMAIL ADDRESS,WEBSITE LINK,RESPONSES,FEEDBACK,Follow-ups,Telephone No.
Candle Holders,24/8/2026,Chairman Mills Canada,sales@chairmanmills.com,https://www.chairmanmills.com,Automated Reply,Premier Canadian event and table rental provider,Set reminder to follow up 3 business days post-return,—
Candle Holders,24/8/2026,Bouclair Maison Canada,sourcing@bouclair.com,https://www.bouclair.com,(Sent),Nationwide Canadian home furnishings chain with 100+ stores,Follow up with seasonal lookbook and volume pricing sheet,—
Candle Holders,24/8/2026,Zone Maison Quebec,achat@zonemaison.com,https://www.zonemaison.com,Automated Reply,Popular Quebec contemporary lifestyle and home accessories retailer,Set reminder to follow up 3 business days post-return,—
Candle Holders,24/8/2026,Four Seasons Hotels & Resorts,corporate.purchasing@fourseasons.com,https://www.fourseasons.com,(Sent),"Global luxury hotel brand, high-volume bespoke tabletop procurement",Follow up with seasonal lookbook and volume pricing sheet,—
Candle Holders,24/8/2026,Bliss Events Toronto,events@blissevents.ca,https://www.blissevents.ca,(Sent),Top-tier luxury wedding and event planner in Toronto,Follow up with seasonal lookbook and volume pricing sheet,—
Candle Holders,24/8/2026,Kalalou Eco & Artisan Living,sales@kalalou.com,https://www.kalalou.com,Automated Reply,"Leading importer of artisan, recycled & rustic metal home decor",Set reminder to follow up 3 business days post-return,—
Candle Holders,24/8/2026,Creative Co-Op Home,wholesale@creativecoop.com,https://www.creativecoop.com,(Sent),"Major wholesale home decor brand distributing to 10,000+ retailers",Follow up with seasonal lookbook and volume pricing sheet,—
Candle Holders,24/8/2026,Williams-Sonoma Home,trade@williams-sonoma.com,https://www.williams-sonoma.com,Automated Reply,"High-end home decor brand, large retail footprint across US/Canada",Set reminder to follow up 3 business days post-return,—
Candle Holders,24/8/2026,Ballard Designs,trade@ballarddesigns.net,https://www.ballarddesigns.net,(Sent),"European-inspired home furnishings, custom tabletop lighting",Follow up with seasonal lookbook and volume pricing sheet,—
Candle Holders,24/8/2026,Arhaus Artisan Living,trade@arhaus.com,https://www.arhaus.com,(Sent),Artisan-crafted sustainable luxury furniture & decor chain,Follow up with seasonal lookbook and volume pricing sheet,—
Candle Holders,24/8/2026,Serena and Lily Home,trade@serenaandlily.com,https://www.serenaandlily.com,Automated Reply,Luxury coastal home decor brand with high design trade program,Set reminder to follow up 3 business days post-return,—
Candle Holders,24/8/2026,Terrain Living & Garden,trade@shopterrain.com,https://www.shopterrain.com,(Sent),"High-end garden, outdoor & botanical living retail brand by URBN",Follow up with seasonal lookbook and volume pricing sheet,—
Candle Holders,24/8/2026,World Market Tabletop,vendorinquiries@worldmarket.com,https://www.worldmarket.com,(Sent),Global artisan and handcrafted home goods specialty retailer,Follow up with seasonal lookbook and volume pricing sheet,—
Candle Holders,24/8/2026,Kirkland's Home Decor,merchandising@kirklands.com,https://www.kirklands.com,(Sent),National home decor retail chain with 350+ locations,Follow up with seasonal lookbook and volume pricing sheet,—
Candle Holders,24/8/2026,CB2 Modern Decor,cb2trade@cb2.com,https://www.cb2.com,(Sent),"Urban modern decor brand, strong demand for sculptural metal pieces",Follow up with seasonal lookbook and volume pricing sheet,—
Candle Holders,24/8/2026,Lulu and Georgia Home,trade@luluandgeorgia.com,https://www.luluandgeorgia.com,(Sent),High-growth direct-to-consumer and trade home decor brand,Follow up with seasonal lookbook and volume pricing sheet,—
Candle Holders,24/8/2026,Zodax Tabletop & Candleware,wholesale@zodax.com,https://www.zodax.com,(Sent),B2B luxury wholesale importer for tabletop candle accessories,Follow up with seasonal lookbook and volume pricing sheet,—
Candle Holders,24/8/2026,Anthropologie Home,anthrolivingtrade@anthropologie.com,https://www.anthropologie.com,(Sent),"AnthroLiving trade division, bohemian luxury aesthetic",Follow up with seasonal lookbook and volume pricing sheet,—
Candle Holders,24/8/2026,Crate & Barrel Home,trade@crateandbarrel.com,https://www.crateandbarrel.com,Replied,Inbound inquiry received! Send wholesale catalog & MOQ pricing.,"Send wholesale catalog, MOQ matrix & custom pricing deck",—
Candle Holders,24/8/2026,Pottery Barn Living,trade@potterybarn.com,https://www.potterybarn.com,(Sent),"Williams-Sonoma subsidiary, vast commercial hospitality catalog",Follow up with seasonal lookbook and volume pricing sheet,—
Candle Holders,25/8/2026,CountDown Events Vancouver,events@countdownevents.com,https://www.countdownevents.com,(Sent),High-end Vancouver wedding planning and tabletop decor firm,Follow up with seasonal lookbook and volume pricing sheet,—
Candle Holders,25/8/2026,Toast Events Ottawa,info@toastevents.ca,https://toastevents.ca,(Sent),Ottawa premier luxury wedding and editorial event designer,Follow up with seasonal lookbook and volume pricing sheet,—
Candle Holders,25/8/2026,Wickaninnish Inn Tofino Canada,info@wickinn.com,https://www.wickinn.com,(Sent),"Relais & Chateaux luxury lodge, rustic elegant candle ambiance",Follow up with seasonal lookbook and volume pricing sheet,—
Candle Holders,25/8/2026,Buk & Nola Montreal,info@buknola.com,https://buknola.com,(Sent),"Montreal lifestyle boutique, unique handcrafted home accessories",Follow up with seasonal lookbook and volume pricing sheet,—
Candle Holders,25/8/2026,Torre & Tagus Canada,info@torretagus.com,https://torretagus.com,(Sent),Specialized contemporary home decor wholesaler and distributor,Follow up with seasonal lookbook and volume pricing sheet,—
Candle Holders,25/8/2026,Danica Imports & Now Designs Vancouver,info@danicaimports.com,https://www.danicaimports.com,(Sent),Major Canadian home and tabletop importer and national distributor,Follow up with seasonal lookbook and volume pricing sheet,—
Candle Holders,25/8/2026,Kitchen Stuff Plus Toronto,contactus@kitchenstuffplus.com,https://www.kitchenstuffplus.com,(Sent),Leading Canadian kitchenware and home decor retail chain,Follow up with seasonal lookbook and volume pricing sheet,—
Candle Holders,25/8/2026,The Cross Decor & Design Vancouver,info@thecrossdesign.com,https://thecrossdesign.com,(Sent),Yaletown Vancouver luxury home decor & tabletop lifestyle store,Follow up with seasonal lookbook and volume pricing sheet,—
Candle Holders,25/8/2026,Tonic Living Toronto,info@tonicliving.com,https://www.tonicliving.com,(Sent),Toronto home decor and textile brand with dedicated showroom,Follow up with seasonal lookbook and volume pricing sheet,—
Candle Holders,25/8/2026,Walrus Boutique Vancouver,info@walrushome.com,https://walrushome.com,(Sent),Curated Vancouver design boutique featuring artisan home goods,Follow up with seasonal lookbook and volume pricing sheet,—
Candle Holders,25/8/2026,Yabu Pushelberg Toronto & NYC,info@yabupushelberg.com,https://yabupushelberg.com,(Sent),World-renowned hospitality & residential interior design firm,Follow up with seasonal lookbook and volume pricing sheet,—
Candle Holders,25/8/2026,Kehoe Designs Chicago,info@kehoedesigns.com,https://www.kehoedesigns.com,(Sent),Full-service event production and decor company with large inventory,Follow up with seasonal lookbook and volume pricing sheet,—
Candle Holders,25/8/2026,HMR Designs Chicago,info@hmrdesigns.com,https://www.hmrdesigns.com,(Sent),"Premier Chicago event design studio, high volume metal decor",Follow up with seasonal lookbook and volume pricing sheet,—
Candle Holders,25/8/2026,Auberge Resorts Collection,info@aubergeresorts.com,https://www.aubergeresorts.com,Automated Reply,Boutique luxury resort collection with custom lantern requirements,Set reminder to follow up 3 business days post-return,—
Candle Holders,25/8/2026,Montage International,info@montage.com,https://www.montage.com,(Sent),Ultra-luxury resort management group with multiple properties,Follow up with seasonal lookbook and volume pricing sheet,—
Candle Holders,25/8/2026,The Post Ranch Inn Big Sur,reservations@postranchinn.com,https://www.postranchinn.com,(Sent),Luxury cliffside resort with bespoke tabletop candleware styling,Follow up with seasonal lookbook and volume pricing sheet,—
Candle Holders,25/8/2026,Linen Chest Canada,info@linenchest.com,https://www.linenchest.com,(Sent),Major Canadian home retail chain with 40+ stores nationwide,Follow up with seasonal lookbook and volume pricing sheet,—
Candle Holders,26/8/2026,Special Event Rentals Western Canada,info@specialeventrentals.com,https://www.specialeventrentals.com,(Sent),Western Canada premier event & wedding rental supplier,Send catalog and introductory pitch,—
Candle Holders,26/8/2026,Allwest Wedding Rentals Vancouver,info@allwestweddingrentals.com,https://allwestweddingrentals.com,(Sent),"Vancouver event rental supplier, large inventory needs",Send catalog and introductory pitch,—
Candle Holders,26/8/2026,Maison Corbeil Quebec,info@maisoncorbeil.com,https://maisoncorbeil.com,(Sent),High-end Quebec contemporary furniture & home decor retailer,Send catalog and introductory pitch,—
Candle Holders,26/8/2026,Mobilia Canada,info@mobilia.ca,https://mobilia.ca,(Sent),Major Canadian modern furniture chain with 10+ locations,Send catalog and introductory pitch,—
Candle Holders,26/8/2026,Melissa Andre Events Toronto & LA,info@melissaandre.com,https://melissaandre.com,(Sent),"Celebrity event design firm, high volume candle decor",Set reminder to follow up 3 business days post-return,—
Candle Holders,26/8/2026,Alicia Keats Weddings Vancouver,info@aliciakeats.com,https://aliciakeats.com,(Sent),"Luxury wedding planning studio, high volume tabletop",Send catalog and introductory pitch,—
Candle Holders,26/8/2026,Mjölk Design & Craft Toronto,info@mjolk.ca,https://mjolk.ca,(Sent),Curated Toronto gallery & Scandinavian-Japanese lifestyle shop,Send introductory wholesale lookbook,—
Candle Holders,26/8/2026,Structube Home Canada,wholesale@structube.com,https://www.structube.com,(Sent),Affordable modern furniture chain with 70+ Canadian stores,Send introductory wholesale lookbook,—
Candle Holders,26/8/2026,The Drake Hotel Toronto,info@thedrakehotel.ca,https://www.thedrakehotel.ca,(Sent),Commercial hospitality client. Strong potential for luxury hurricane lanterns and dining centerpiece decor.,Ready for initial catalog outreach dispatch,—
Candle Holders,26/8/2026,Grandin Road Home,trade@grandinroad.com,https://www.grandinroad.com,(Sent),Active home décor & furnishing retailer. Great match for complete candle holder catalog.,Ready for initial catalog outreach dispatch,—
Candle Holders,26/8/2026,Z Gallerie Home,trade@zgallerie.com,https://www.zgallerie.com,(Sent),Active home décor & furnishing retailer. Great match for complete candle holder catalog.,Ready for initial catalog outreach dispatch,—
Candle Holders,26/8/2026,High Fashion Home Houston,info@highfashionhome.com,https://www.highfashionhome.com,(Sent),Active home décor & furnishing retailer. Great match for complete candle holder catalog.,Ready for initial catalog outreach dispatch,—
Candle Holders,26/8/2026,City Furniture Florida,trade@cityfurniture.com,https://www.cityfurniture.com,(Sent),Furniture & lifestyle showroom chain. Potential retail stockist for tabletop candle accessory collection.,Ready for initial catalog outreach dispatch,—
Candle Holders,26/8/2026,Mindy Weiss Party Consultants LA,info@mindyweiss.com,https://mindyweiss.com,(Sent),Active home décor & furnishing retailer. Great match for complete candle holder catalog.,Ready for initial catalog outreach dispatch,—
Candle Holders,26/8/2026,One Kings Lane Luxury,trade@onekingslane.com,https://onekingslane.com,Automated Reply,Active home décor & furnishing retailer. Great match for complete candle holder catalog.,Set reminder to follow up 3 business days post-return,—
Candle Holders,26/8/2026,Anthropologie Living,anthroliving@anthropologie.com,https://anthropologie.com,(Sent),Active home décor & furnishing retailer. Great match for complete candle holder catalog.,Ready for initial catalog outreach dispatch,—
Candle Holders,26/8/2026,Urban Outfitters Home,trade@urbanoutfitters.com,https://urbanoutfitters.com,(Sent),Active home décor & furnishing retailer. Great match for complete candle holder catalog.,Ready for initial catalog outreach dispatch,—
Candle Holders,26/8/2026,Louis Interiors Toronto,info@louisinteriors.com,https://louisinteriors.com,(Sent),Interior architecture & styling firm. Good target for customized metal home décor lines.,Ready for initial catalog outreach dispatch,—
Candle Holders,26/8/2026,Klaus by Nienkamper Toronto,info@klausn.com,https://klausn.com,(Sent),Active home décor & furnishing retailer. Great match for complete candle holder catalog.,Ready for initial catalog outreach dispatch,—
Candle Holders,26/8/2026,Jonathan Adler Chicago River North,chicago@jonathanadler.com,https://jonathanadler.com,(Sent),Active home décor & furnishing retailer. Great match for complete candle holder catalog.,Ready for initial catalog outreach dispatch,—
Candle Holders,27/8/2026,Revel Global Events Chicago,info@therevelgroup.com,https://therevelgroup.com,(Sent),Revel Global Events Chicago: Active commercial home decor & lifestyle store. High recurring order potential for metal candle holders & lanterns.,Ready for initial catalog outreach dispatch,—
Candle Holders,27/8/2026,Calluna Events Boulder Colorado,info@callunaevents.com,https://callunaevents.com,(Sent),Calluna Events Boulder Colorado: Active commercial home decor & lifestyle store. High recurring order potential for metal candle holders & lanterns.,Ready for initial catalog outreach dispatch,—
Candle Holders,27/8/2026,Donald Tea Tabletop Rentals Dallas,info@dallasparty.com,https://dallasparty.com,(Sent),Donald Tea Tabletop Rentals Dallas: High-volume commercial event & party rental warehouse. Prime target for durable metal lanterns & candelabras (large batch orders).,Ready for initial catalog outreach dispatch,—
Candle Holders,27/8/2026,Bella Acento Event Rentals Dallas,info@bellaacento.com,https://bellaacento.com,(Sent),Bella Acento Event Rentals Dallas: High-volume commercial event & party rental warehouse. Prime target for durable metal lanterns & candelabras (large batch orders).,Ready for initial catalog outreach dispatch,—
Candle Holders,27/8/2026,Kelly Wearstler Design LA,info@kellywearstler.com,https://kellywearstler.com,(Sent),Kelly Wearstler Design LA: Active commercial home decor & lifestyle store. High recurring order potential for metal candle holders & lanterns.,Ready for initial catalog outreach dispatch,—
Candle Holders,27/8/2026,Ken Fulk Design SF & NYC,info@kenfulk.com,https://kenfulk.com,(Sent),Ken Fulk Design SF & NYC: Active commercial home decor & lifestyle store. High recurring order potential for metal candle holders & lanterns.,Ready for initial catalog outreach dispatch,—
Candle Holders,27/8/2026,Parliament Interiors Vancouver,info@parliamentinteriors.com,https://parliamentinteriors.com,(Sent),Parliament Interiors Vancouver: Commercial & residential styling firm sourcing functional metal home accents.,Ready for initial catalog outreach dispatch,—
Candle Holders,27/8/2026,Article Modern Furniture Vancouver,trade@article.com,https://www.article.com,(Sent),Article Modern Furniture Vancouver: Mainstream furniture showroom chain sourcing accessible tabletop candle accessories.,Ready for initial catalog outreach dispatch,—
Candle Holders,27/8/2026,Shopgirls Gallery Toronto,info@shopgirls.ca,https://shopgirls.ca,(Sent),Shopgirls Gallery Toronto: Premier luxury home boutique sourcing artisan handcrafted metal candle accessories.,Ready for initial catalog outreach dispatch,—
Candle Holders,27/8/2026,Coal Miner's Daughter Toronto,info@coalminersdaughter.ca,https://coalminersdaughter.ca,(Sent),Coal Miner's Daughter Toronto: Active commercial home decor & lifestyle store. High recurring order potential for metal candle holders & lanterns.,Ready for initial catalog outreach dispatch,—
Candle Holders,27/8/2026,Spacing Store Toronto,store@spacing.ca,https://spacingstore.ca,(Sent),Spacing Store Toronto: Active commercial home decor & lifestyle store. High recurring order potential for metal candle holders & lanterns.,Ready for initial catalog outreach dispatch,—
Candle Holders,27/8/2026,Kid Icarus Kensington Toronto,info@kidicarus.ca,https://kidicarus.ca,(Sent),Kid Icarus Kensington Toronto: Active commercial home decor & lifestyle store. High recurring order potential for metal candle holders & lanterns.,Ready for initial catalog outreach dispatch,—
Candle Holders,27/8/2026,Vanguard Furniture North Carolina,info@vanguardfurniture.com,https://vanguardfurniture.com,(Sent),Vanguard Furniture North Carolina: Mainstream furniture showroom chain sourcing accessible tabletop candle accessories.,Ready for initial catalog outreach dispatch,—
Candle Holders,27/8/2026,Hickory Chair North Carolina,info@hickorychair.com,https://hickorychair.com,(Sent),Hickory Chair North Carolina: Active commercial home decor & lifestyle store. High recurring order potential for metal candle holders & lanterns.,Ready for initial catalog outreach dispatch,—
Candle Holders,27/8/2026,The Greenbrier West Virginia,the_greenbrier@greenbrier.com,https://greenbrier.com,(Sent),The Greenbrier West Virginia: Active commercial home decor & lifestyle store. High recurring order potential for metal candle holders & lanterns.,Ready for initial catalog outreach dispatch,—
Candle Holders,27/8/2026,Alykhan Velji Designs Calgary,info@alyveljidesigns.com,https://alyveljidesigns.com,(Sent),Alykhan Velji Designs Calgary: Active commercial home decor & lifestyle store. High recurring order potential for metal candle holders & lanterns.,Ready for initial catalog outreach dispatch,—
Candle Holders,27/8/2026,Reena Sotropa In House Design Calgary,info@reenasotropa.ca,https://reenasotropa.ca,(Sent),Reena Sotropa In House Design Calgary: Active commercial home decor & lifestyle store. High recurring order potential for metal candle holders & lanterns.,Ready for initial catalog outreach dispatch,—
Candle Holders,27/8/2026,Atelier Zébulon Perron Montreal,info@zebulonperron.com,https://zebulonperron.com,(Sent),Atelier Zébulon Perron Montreal: Premier luxury home boutique sourcing artisan handcrafted metal candle accessories.,Ready for initial catalog outreach dispatch,—
Candle Holders,27/8/2026,Appareil Architecture Montreal,info@appareilarchitecture.com,https://appareilarchitecture.com,(Sent),Appareil Architecture Montreal: Active commercial home decor & lifestyle store. High recurring order potential for metal candle holders & lanterns.,Ready for initial catalog outreach dispatch,—
Candle Holders,27/8/2026,Manulife Centre Bloor Toronto,info@manulifecentre.com,https://manulifecentre.com,(Sent),Manulife Centre Bloor Toronto: Active commercial home decor & lifestyle store. High recurring order potential for metal candle holders & lanterns.,Ready for initial catalog outreach dispatch,—
Candle Holders,27/8/2026,Jonathan Adler Miami Design District,miami@jonathanadler.com,https://jonathanadler.com,(Sent),Active home décor & furnishing retailer. Great match for complete candle holder catalog.,Ready for initial catalog outreach dispatch,—
Candle Holders,28/8/2026,Shinola Hotel Detroit,info@shinolahotel.com,https://shinolahotel.com,(Sent),Shinola Hotel Detroit: Commercial restaurant/hotel group sourcing durable ambient candle lanterns & tabletop hardware.,Ready for initial catalog outreach dispatch,—
Candle Holders,28/8/2026,Chintz & Company Victoria BC,info@chintz.com,https://www.chintz.com,(Sent),Chintz & Company Victoria BC: Active commercial home decor & lifestyle store. High recurring order potential for metal candle holders & lanterns.,Ready for initial catalog outreach dispatch,—
Candle Holders,28/8/2026,Bespoke Decor Vancouver,hello@bespokedecor.ca,https://bespokedecor.ca,(Sent),Bespoke Decor Vancouver: Premier luxury home boutique sourcing artisan handcrafted metal candle accessories.,Ready for initial catalog outreach dispatch,—
Candle Holders,28/8/2026,Julianne Young Weddings Calgary,info@julianneyoungweddings.com,https://julianneyoungweddings.com,(Sent),Julianne Young Weddings Calgary: High-volume commercial event decorator sourcing repeatable centerpiece lanterns & candelabras.,Ready for initial catalog outreach dispatch,—
Candle Holders,28/8/2026,Lynn Fletcher Weddings Calgary,info@lynnfletcherweddings.com,https://lynnfletcherweddings.com,(Sent),Lynn Fletcher Weddings Calgary: High-volume commercial event decorator sourcing repeatable centerpiece lanterns & candelabras.,Ready for initial catalog outreach dispatch,—
Candle Holders,28/8/2026,Cocktails & Details Events Edmonton,info@cocktailsanddetails.ca,https://cocktailsanddetails.ca,(Sent),Cocktails & Details Events Edmonton: Active commercial home decor & lifestyle store. High recurring order potential for metal candle holders & lanterns.,Ready for initial catalog outreach dispatch,—
Candle Holders,28/8/2026,Glow The Event Store Halifax,info@glowparties.ca,https://glowparties.ca,(Sent),Glow The Event Store Halifax: Active commercial home decor & lifestyle store. High recurring order potential for metal candle holders & lanterns.,Ready for initial catalog outreach dispatch,—
Candle Holders,28/8/2026,Restoration Hardware RH Gallery NYC,rhgallery@rh.com,https://rh.com,(Sent),Restoration Hardware RH Gallery NYC: Premier luxury home boutique sourcing artisan handcrafted metal candle accessories.,Ready for initial catalog outreach dispatch,—
Candle Holders,28/8/2026,Ethan Allen Danbury Connecticut,trade@ethanallen.com,https://ethanallen.com,(Sent),Ethan Allen Danbury Connecticut: Active commercial home decor & lifestyle store. High recurring order potential for metal candle holders & lanterns.,Ready for initial catalog outreach dispatch,—
Candle Holders,28/8/2026,Arhaus Boston Prudential Center,boston@arhaus.com,https://arhaus.com,(Sent),Arhaus Boston Prudential Center: Mainstream furniture showroom chain sourcing accessible tabletop candle accessories.,Ready for initial catalog outreach dispatch,—
Candle Holders,28/8/2026,Material Kitchen Tabletop NYC,hello@materialkitchen.com,https://materialkitchen.com,(Sent),Material Kitchen Tabletop NYC: Active commercial home decor & lifestyle store. High recurring order potential for metal candle holders & lanterns.,Ready for initial catalog outreach dispatch,—
Candle Holders,28/8/2026,Hopson Grace Tableware Toronto,info@hopsongrace.com,https://hopsongrace.com,(Sent),Hopson Grace Tableware Toronto: Active commercial home decor & lifestyle store. High recurring order potential for metal candle holders & lanterns.,Ready for initial catalog outreach dispatch,—
Candle Holders,28/8/2026,Provide Home Vancouver,info@providehome.com,https://providehome.com,(Sent),Provide Home Vancouver: Active commercial home decor & lifestyle store. High recurring order potential for metal candle holders & lanterns.,Ready for initial catalog outreach dispatch,—
Candle Holders,28/8/2026,Coriander Girl Toronto & PEC,info@coriandergirl.com,https://coriandergirl.com,(Sent),Coriander Girl Toronto & PEC: Active commercial home decor & lifestyle store. High recurring order potential for metal candle holders & lanterns.,Ready for initial catalog outreach dispatch,—
Candle Holders,28/8/2026,ABC Carpet & Home NYC,trade@abchome.com,https://abchome.com,(Sent),ABC Carpet & Home NYC: Active commercial home decor & lifestyle store. High recurring order potential for metal candle holders & lanterns.,Ready for initial catalog outreach dispatch,—
Candle Holders,28/8/2026,The Citizenry Global Artisan Home USA,assistant@the-citizenry.com,https://www.the-citizenry.com,(Sent),The Citizenry Global Artisan Home USA: Active commercial home decor & lifestyle store. High recurring order potential for metal candle holders & lanterns.,Ready for initial catalog outreach dispatch,—
Candle Holders,28/8/2026,Creative Co-Op Wholesale USA,info@creativecoop.com,https://www.creativecoop.com,(Sent),Creative Co-Op Wholesale USA: Major wholesale distributor & importer for direct container loads (MOQ 500+ pcs) across North American retail networks.,Ready for initial catalog outreach dispatch,—
Candle Holders,28/8/2026,Accent Decor Home & Events USA,info@accentdecor.com,https://www.accentdecor.com,Automated Reply,Accent Decor Home & Events USA: Major wholesale distributor & importer for direct container loads (MOQ 500+ pcs) across North American retail networks.,Set reminder to follow up 3 business days post-return,—
Candle Holders,28/8/2026,Two's Company Wholesale USA,info@twoscompany.com,https://twoscompany.com/,(Sent),Two's Company Wholesale USA: Major wholesale distributor & importer for direct container loads (MOQ 500+ pcs) across North American retail networks.,Ready for initial catalog outreach dispatch,—
Candle Holders,31/8/2026,Raymour & Flanigan New York,trade@raymourflanigan.com,https://raymourflanigan.com,(Sent),Raymour & Flanigan New York: Active commercial home decor & lifestyle store. High recurring order potential for metal candle holders & lanterns.,Ready for initial catalog outreach dispatch,—
Candle Holders,31/8/2026,Jordan's Furniture Boston,trade@jordans.com,https://jordans.com,(Sent),Jordan's Furniture Boston: Mainstream furniture showroom chain sourcing accessible tabletop candle accessories.,Ready for initial catalog outreach dispatch,—
Candle Holders,31/8/2026,Living Spaces California,trade@livingspaces.com,https://livingspaces.com,(Sent),Living Spaces California: Active commercial home decor & lifestyle store. High recurring order potential for metal candle holders & lanterns.,Ready for initial catalog outreach dispatch,—
Candle Holders,31/8/2026,Slumberland Furniture Midwest,trade@slumberland.com,https://slumberland.com,(Sent),Slumberland Furniture Midwest: Mainstream furniture showroom chain sourcing accessible tabletop candle accessories.,Ready for initial catalog outreach dispatch,—
Candle Holders,31/8/2026,Field Study Shop Calgary,info@fieldstudyshop.com,https://fieldstudyshop.com,(Sent),Field Study Shop Calgary: Active commercial home decor & lifestyle store. High recurring order potential for metal candle holders & lanterns.,Ready for initial catalog outreach dispatch,—
Candle Holders,31/8/2026,Carbon Environmental Boutique Edmonton,info@carbonboutique.com,https://carbonboutique.com,(Sent),Carbon Environmental Boutique Edmonton: Active commercial home decor & lifestyle store. High recurring order potential for metal candle holders & lanterns.,Ready for initial catalog outreach dispatch,—
Candle Holders,31/8/2026,Red Ribbon Boutique Edmonton,info@redribbon.ca,https://redribbon.ca,(Sent),Red Ribbon Boutique Edmonton: Active commercial home decor & lifestyle store. High recurring order potential for metal candle holders & lanterns.,Ready for initial catalog outreach dispatch,—
Candle Holders,31/8/2026,Harkiss Designs New York,info@harkissdesigns.com,https://harkissdesigns.com,(Sent),Harkiss Designs New York: Active commercial home decor & lifestyle store. High recurring order potential for metal candle holders & lanterns.,Ready for initial catalog outreach dispatch,—
Candle Holders,31/8/2026,Huckberry Home Austin,buyers@huckberry.com,https://huckberry.com,(Sent),Huckberry Home Austin: Active commercial home decor & lifestyle store. High recurring order potential for metal candle holders & lanterns.,Ready for initial catalog outreach dispatch,—
Candle Holders,31/8/2026,Manready Mercantile Houston,info@manready.com,https://manready.com,(Sent),Manready Mercantile Houston: Active commercial home decor & lifestyle store. High recurring order potential for metal candle holders & lanterns.,Ready for initial catalog outreach dispatch,—
Candle Holders,31/8/2026,Sight Unseen NYC,shop@sightunseen.com,https://sightunseen.com,(Sent),Sight Unseen NYC: Active commercial home decor & lifestyle store. High recurring order potential for metal candle holders & lanterns.,Ready for initial catalog outreach dispatch,—
Candle Holders,31/8/2026,The Design Co Toronto,info@thedesignco.ca,https://thedesignco.ca,(Sent),The Design Co Toronto: Active commercial home decor & lifestyle store. High recurring order potential for metal candle holders & lanterns.,Ready for initial catalog outreach dispatch,—
Candle Holders,31/8/2026,Bliss Events Toronto,info@blissevents.ca,https://blissevents.ca,(Sent),Bliss Events Toronto: Active commercial home decor & lifestyle store. High recurring order potential for metal candle holders & lanterns.,Ready for initial catalog outreach dispatch,—
Candle Holders,31/8/2026,Mango Studios Toronto,info@mangostudios.com,https://mangostudios.com,(Sent),Mango Studios Toronto: Active commercial home decor & lifestyle store. High recurring order potential for metal candle holders & lanterns.,Ready for initial catalog outreach dispatch,—
Candle Holders,31/8/2026,Brightside Weddings Vancouver,info@brightsidefilms.com,https://brightsidefilms.com,(Sent),Brightside Weddings Vancouver: High-volume commercial event decorator sourcing repeatable centerpiece lanterns & candelabras.,Ready for initial catalog outreach dispatch,—
Candle Holders,31/8/2026,Les Mauvaises Herbes Montreal,info@lesmauvaisesherbes.com,https://lesmauvaisesherbes.com,(Sent),Les Mauvaises Herbes Montreal: Active commercial home decor & lifestyle store. High recurring order potential for metal candle holders & lanterns.,"Send wholesale catalog, MOQ matrix & custom pricing deck",—
Candle Holders,31/8/2026,Boutique Unicorn Montreal,info@boutiqueunicorn.com,https://boutiqueunicorn.com,(Sent),Boutique Unicorn Montreal: Active commercial home decor & lifestyle store. High recurring order potential for metal candle holders & lanterns.,Ready for initial catalog outreach dispatch,—
Candle Holders,31/8/2026,Paperole Montreal,info@paperole.com,https://paperole.com,(Sent),Paperole Montreal: Active commercial home decor & lifestyle store. High recurring order potential for metal candle holders & lanterns.,Ready for initial catalog outreach dispatch,—
Candle Holders,31/8/2026,Le Point d'Ancrage Quebec City,info@lepointdancrage.ca,https://lepointdancrage.ca,(Sent),Le Point d'Ancrage Quebec City: Active commercial home decor & lifestyle store. High recurring order potential for metal candle holders & lanterns.,Ready for initial catalog outreach dispatch,—
Candle Holders,31/8/2026,Article 721 Quebec City,info@article721.com,https://article721.com,(Sent),Article 721 Quebec City: Active commercial home decor & lifestyle store. High recurring order potential for metal candle holders & lanterns.,Ready for initial catalog outreach dispatch,—
Candle Holders,31/8/2026,Juxtapose Cards & Gifts Toronto,info@juxtaposeannex.com,https://juxtaposeannex.com,(Sent),Juxtapose Cards & Gifts Toronto: Retail gift & home accessories stockist for fast-moving brass votives & candleholders.,Ready for initial catalog outreach dispatch,—
Candle Holders,1/9/2026,CB2 Queen West Toronto,queenwest@cb2.com,https://cb2.com,(Sent),CB2 Queen West Toronto: Mainstream furniture showroom chain sourcing accessible tabletop candle accessories.,Ready for initial catalog outreach dispatch,—
Candle Holders,1/9/2026,Crate and Barrel Yorkdale Toronto,yorkdale@crateandbarrel.com,https://crateandbarrel.com,(Sent),Crate and Barrel Yorkdale Toronto: Mainstream furniture showroom chain sourcing accessible tabletop candle accessories.,Ready for initial catalog outreach dispatch,—
Candle Holders,1/9/2026,Amangiri Utah Resort,amangiri@aman.com,https://aman.com,(Sent),Amangiri Utah Resort: Commercial restaurant/hotel group sourcing durable ambient candle lanterns & tabletop hardware.,Ready for initial catalog outreach dispatch,—
Candle Holders,1/9/2026,The Ritz-Carlton New York Central Park,commercial@ritzcarlton.com,https://ritzcarlton.com,(Sent),The Ritz-Carlton New York Central Park: Active commercial home decor & lifestyle store. High recurring order potential for metal candle holders & lanterns.,Ready for initial catalog outreach dispatch,—
Candle Holders,1/9/2026,St. Regis New York,stregis.newyork@stregis.com,https://stregis.com,(Sent),St. Regis New York: Active commercial home decor & lifestyle store. High recurring order potential for metal candle holders & lanterns.,Ready for initial catalog outreach dispatch,—
Candle Holders,1/9/2026,Waldorf Astoria Beverly Hills,laxwa.info@waldorfastoria.com,https://waldorfastoria.com,(Sent),Waldorf Astoria Beverly Hills: Active commercial home decor & lifestyle store. High recurring order potential for metal candle holders & lanterns.,Ready for initial catalog outreach dispatch,—
Candle Holders,1/9/2026,Crate and Barrel Square One Mississauga,squareone@crateandbarrel.com,https://crateandbarrel.com,(Sent),Crate and Barrel Square One Mississauga: Mainstream furniture showroom chain sourcing accessible tabletop candle accessories.,"Send wholesale catalog, MOQ matrix & custom pricing deck",—
Candle Holders,1/9/2026,Amangani Jackson Hole Wyoming,amangani@aman.com,https://aman.com,(Sent),Amangani Jackson Hole Wyoming: Active commercial home decor & lifestyle store. High recurring order potential for metal candle holders & lanterns.,Ready for initial catalog outreach dispatch,—
Candle Holders,1/9/2026,The Ritz-Carlton Bachelor Gulch Colorado,rc.denrb.leads@ritzcarlton.com,https://ritzcarlton.com,(Sent),The Ritz-Carlton Bachelor Gulch Colorado: Active commercial home decor & lifestyle store. High recurring order potential for metal candle holders & lanterns.,Ready for initial catalog outreach dispatch,—
Candle Holders,1/9/2026,St. Regis Deer Valley Utah,stregisdeervalley@stregis.com,https://stregis.com,(Sent),St. Regis Deer Valley Utah: Active commercial home decor & lifestyle store. High recurring order potential for metal candle holders & lanterns.,Ready for initial catalog outreach dispatch,—
Candle Holders,1/9/2026,Waldorf Astoria Chicago,chawa.info@waldorfastoria.com,https://waldorfastoria.com,(Sent),Waldorf Astoria Chicago: Active commercial home decor & lifestyle store. High recurring order potential for metal candle holders & lanterns.,Ready for initial catalog outreach dispatch,—
Candle Holders,1/9/2026,1 Hotel Central Park NYC,1cp-info@1hotels.com,https://1hotels.com,(Sent),1 Hotel Central Park NYC: Commercial restaurant/hotel group sourcing durable ambient candle lanterns & tabletop hardware.,Ready for initial catalog outreach dispatch,—
Candle Holders,1/9/2026,Serena & Lily Summit New Jersey,summit@serenaandlily.com,https://serenaandlily.com,(Sent),Serena & Lily Summit New Jersey: Active commercial home decor & lifestyle store. High recurring order potential for metal candle holders & lanterns.,Set reminder to follow up 3 business days post-return,—
Candle Holders,1/9/2026,Rocky Mountain Weddings Banff,info@rockymountainweddings.ca,https://rockymountainweddings.ca,(Sent),Rocky Mountain Weddings Banff: Verified commercial B2B buyer candidate for handcrafted metal candle holders & lanterns collection.,Follow-up #1 scheduled in 3 business days with collection highlights,—
Candle Holders,1/9/2026,The Flower Cart Halifax,info@flowercart.ca,https://flowercart.ca,(Sent),The Flower Cart Halifax: Active commercial home decor & lifestyle store. High recurring order potential for metal candle holders & lanterns.,Ready for initial catalog outreach dispatch,—
Candle Holders,1/9/2026,St. Regis Bal Harbour Miami,balharbour@stregis.com,https://stregis.com,(Sent),St. Regis Bal Harbour Miami: Active commercial home decor & lifestyle store. High recurring order potential for metal candle holders & lanterns.,Ready for initial catalog outreach dispatch,—
Candle Holders,1/9/2026,The Langham Chicago,tlchi.info@langhamhotels.com,https://langhamhotels.com,(Sent),The Langham Chicago: Commercial restaurant/hotel group sourcing durable ambient candle lanterns & tabletop hardware.,Ready for initial catalog outreach dispatch,—
Candle Holders,1/9/2026,1 Hotel West Hollywood LA,1weho-info@1hotels.com,https://1hotels.com,(Sent),1 Hotel West Hollywood LA: Commercial restaurant/hotel group sourcing durable ambient candle lanterns & tabletop hardware.,Ready for initial catalog outreach dispatch,—
Candle Holders,1/9/2026,Serena & Lily Westport Design Shop,westport@serenaandlily.com,https://serenaandlily.com,(Sent),Serena & Lily Westport Design Shop: Active commercial home decor & lifestyle store. High recurring order potential for metal candle holders & lanterns.,Ready for initial catalog outreach dispatch,—
Candle Holders,2/9/2026,Bassett Furniture Living,trade@bassettfurniture.com,https://bassettfurniture.com,(Sent),Bassett Furniture Living: Verified commercial B2B buyer candidate for handcrafted metal candle holders & lanterns collection.,Follow-up #1 scheduled in 3 business days with collection highlights,—
Candle Holders,2/9/2026,Cardi's Furniture New England,trade@cardis.com,https://cardis.com,(Sent),Cardi's Furniture New England: Mainstream furniture showroom chain sourcing accessible tabletop candle accessories.,Ready for initial catalog outreach dispatch,—
Candle Holders,2/9/2026,Simply Beautiful Decor Niagara,info@simplybeautifuldecor.ca,https://simplybeautifuldecor.ca,(Sent),Simply Beautiful Decor Niagara: Active commercial home decor & lifestyle store. High recurring order potential for metal candle holders & lanterns.,Ready for initial catalog outreach dispatch,—
Candle Holders,2/9/2026,Divine Furniture Rental Toronto,info@divinefurniturerental.com,https://divinefurniturerental.com,Automated Reply,Divine Furniture Rental Toronto: High-volume commercial event & party rental warehouse. Prime target for durable metal lanterns & candelabras (large batch orders).,Set reminder to follow up 3 business days post-return,—
Candle Holders,2/9/2026,Celebrations Party Rentals Ottawa,info@celebrationsgroup.com,https://celebrationsgroup.com,(Sent),Celebrations Party Rentals Ottawa: High-volume commercial event & party rental warehouse. Prime target for durable metal lanterns & candelabras (large batch orders).,Ready for initial catalog outreach dispatch,—
Candle Holders,2/9/2026,1 Hotel Brooklyn Bridge NYC,1bk-info@1hotels.com,https://1hotels.com,(Sent),1 Hotel Brooklyn Bridge NYC: Commercial restaurant/hotel group sourcing durable ambient candle lanterns & tabletop hardware.,Ready for initial catalog outreach dispatch,—
Candle Holders,2/9/2026,Birch Event Design NYC,info@bircheventdesign.com,https://bircheventdesign.com,(Sent),Birch Event Design NYC: High-volume commercial event decorator sourcing repeatable centerpiece lanterns & candelabras.,Ready for initial catalog outreach dispatch,—
Candle Holders,2/9/2026,Colin Cowie Lifestyle NYC,info@colincowie.com,https://www.colincowie.com,(Sent),Colin Cowie Lifestyle NYC: Active commercial home decor & lifestyle store. High recurring order potential for metal candle holders & lanterns.,Ready for initial catalog outreach dispatch,—
Candle Holders,2/9/2026,Preston Bailey Designs NYC,info@prestonbailey.com,https://prestonbailey.com,(Sent),Preston Bailey Designs NYC: Active commercial home decor & lifestyle store. High recurring order potential for metal candle holders & lanterns.,Ready for initial catalog outreach dispatch,—
Candle Holders,2/9/2026,Elte & Elte MKT Toronto,info@elte.com,https://www.elte.com,(Sent),Elte & Elte MKT Toronto: Active commercial home decor & lifestyle store. High recurring order potential for metal candle holders & lanterns.,Ready for initial catalog outreach dispatch,—
Candle Holders,2/9/2026,Maker House Ottawa,hello@makerhouse.com,https://makerhouse.com,(Sent),Maker House Ottawa: Active commercial home decor & lifestyle store. High recurring order potential for metal candle holders & lanterns.,Ready for initial catalog outreach dispatch,—
Candle Holders,2/9/2026,Boogie & Birdie Ottawa,info@boogieandbirdie.ca,https://boogieandbirdie.ca,(Sent),Boogie & Birdie Ottawa: Active commercial home decor & lifestyle store. High recurring order potential for metal candle holders & lanterns.,Ready for initial catalog outreach dispatch,—
Candle Holders,2/9/2026,Logan & Finley Toronto,info@loganandfinley.com,https://loganandfinley.com,(Sent),Logan & Finley Toronto: Active commercial home decor & lifestyle store. High recurring order potential for metal candle holders & lanterns.,Ready for initial catalog outreach dispatch,—
Candle Holders,2/9/2026,The Carlyle Rosewood NYC,thecarlyle@rosewoodhotels.com,https://rosewoodhotels.com,(Sent),The Carlyle Rosewood NYC: Commercial restaurant/hotel group sourcing durable ambient candle lanterns & tabletop hardware.,Ready for initial catalog outreach dispatch,—
Candle Holders,2/9/2026,Hotel Bel-Air Los Angeles,info.hba@dorchestercollection.com,https://dorchestercollection.com,(Sent),Hotel Bel-Air Los Angeles: Commercial restaurant/hotel group sourcing durable ambient candle lanterns & tabletop hardware.,Ready for initial catalog outreach dispatch,—
Candle Holders,2/9/2026,Auberge du Soleil Napa Valley,ads.reservations@aubergeresorts.com,https://aubergeresorts.com,(Sent),Auberge du Soleil Napa Valley: Commercial restaurant/hotel group sourcing durable ambient candle lanterns & tabletop hardware.,Ready for initial catalog outreach dispatch,—
Candle Holders,2/9/2026,Twin Farms Relais & Chateaux Vermont,info@twinfarms.com,https://twinfarms.com,(Sent),Twin Farms Relais & Chateaux Vermont: Active commercial home decor & lifestyle store. High recurring order potential for metal candle holders & lanterns.,Ready for initial catalog outreach dispatch,—
Candle Holders,2/9/2026,Sheraton Centre Toronto Hotel,toronto.sheraton@marriott.com,https://marriott.com,(Sent),Sheraton Centre Toronto Hotel: Verified commercial B2B buyer candidate for handcrafted metal candle holders & lanterns collection.,Follow-up #1 scheduled in 3 business days with collection highlights,—
Candle Holders,2/9/2026,The Westin Bayshore Vancouver,bayshore.vancouver@marriott.com,https://marriott.com,(Sent),The Westin Bayshore Vancouver: Verified commercial B2B buyer candidate for handcrafted metal candle holders & lanterns collection.,Follow-up #1 scheduled in 3 business days with collection highlights,—
Candle Holders,2/9/2026,Fairmont Banff Springs Alberta,banffsprings@fairmont.com,https://fairmont.com,(Sent),Fairmont Banff Springs Alberta: Active commercial home decor & lifestyle store. High recurring order potential for metal candle holders & lanterns.,Ready for initial catalog outreach dispatch,—
Candle Holders,3/9/2026,Reed & Barton Silverware,wholesale@reedandbarton.com,https://reedandbarton.com,(Sent),"Reed & Barton Silverware in New York, New York: Active commercial home décor store. Strong candidate for seasonal handcrafted metalware and accent candleware lines.",Ready for initial catalog outreach dispatch,—
Candle Holders,3/9/2026,Caraway Home Tabletop NYC,hello@carawayhome.com,https://carawayhome.com,Automated Reply,"Caraway Home Tabletop NYC in New York, New York: Active commercial home décor store. Strong candidate for seasonal handcrafted metalware and accent candleware lines.","Send wholesale catalog, MOQ matrix & custom pricing deck",—
Candle Holders,3/9/2026,Our Place Tabletop LA,hello@fromourplace.com,https://fromourplace.com,(Sent),"Our Place Tabletop LA in New York, New York: Active commercial home décor store. Strong candidate for seasonal handcrafted metalware and accent candleware lines.",Ready for initial catalog outreach dispatch,—
Candle Holders,3/9/2026,Lenox Tabletop & Giftware North Carolina,info@lenox.com,https://lenox.com,(Sent),"Lenox Tabletop & Giftware North Carolina in New York, New York: Specialty gift & lifestyle boutique for fast-moving brass votives, candle accessories, and seasonal tabletop gifts.",Ready for initial catalog outreach dispatch,—
Candle Holders,3/9/2026,Restoration Hardware South Granville Vancouver,vancouver@rh.com,https://rh.com,Automated Reply,"Restoration Hardware South Granville Vancouver in Vancouver, British Columbia: Active commercial home décor store. Strong candidate for seasonal handcrafted metalware and accent candleware lines.",Set reminder to follow up 3 business days post-return,—
Candle Holders,3/9/2026,Pacific Yacht Charters Vancouver,info@pacificyachtcharters.com,https://pacificyachtcharters.com,(Sent),"Pacific Yacht Charters Vancouver in Vancouver, British Columbia: Active commercial home décor store. Strong candidate for seasonal handcrafted metalware and accent candleware lines.",Ready for initial catalog outreach dispatch,—
Candle Holders,3/9/2026,Simon Pearce Tableware Vermont,trade@simonpearce.com,https://simonpearce.com,(Sent),"Simon Pearce Tableware Vermont in New York, New York: Active commercial home décor store. Strong candidate for seasonal handcrafted metalware and accent candleware lines.",Ready for initial catalog outreach dispatch,—
Candle Holders,3/9/2026,Heath Ceramics San Francisco,trade@heathceramics.com,https://heathceramics.com,(Sent),"Heath Ceramics San Francisco in Los Angeles, California: Active commercial home décor store. Strong candidate for seasonal handcrafted metalware and accent candleware lines.",Set reminder to follow up 3 business days post-return,—
Candle Holders,3/9/2026,Match Pewter Tableware NYC,info@match1995.com,https://match1995.com,(Sent),"Match Pewter Tableware NYC in New York, New York: Active commercial home décor store. Strong candidate for seasonal handcrafted metalware and accent candleware lines.",Ready for initial catalog outreach dispatch,—
Candle Holders,3/9/2026,Year & Day Modern Dining LA,trade@yearandday.com,https://yearandday.com,(Sent),"Year & Day Modern Dining LA in Los Angeles, California: Active commercial home décor store. Strong candidate for seasonal handcrafted metalware and accent candleware lines.",Ready for initial catalog outreach dispatch,—
Candle Holders,3/9/2026,Oneida Flatware & Tabletop NY,wholesale@oneida.com,https://oneida.com,(Sent),"Oneida Flatware & Tabletop NY in New York, New York: Active commercial home décor store. Strong candidate for seasonal handcrafted metalware and accent candleware lines.",Ready for initial catalog outreach dispatch,—
Candle Holders,3/9/2026,Fortessa Tableware Solutions Virginia,info@fortessa.com,https://fortessa.com,(Sent),"Fortessa Tableware Solutions Virginia in New York, New York: Active commercial home décor store. Strong candidate for seasonal handcrafted metalware and accent candleware lines.",Ready for initial catalog outreach dispatch,—
Candle Holders,3/9/2026,Restoration Hardware Yorkdale Toronto,yorkdale@rh.com,https://rh.com,(Sent),"Restoration Hardware Yorkdale Toronto in Toronto, Ontario: Active commercial home décor store. Strong candidate for seasonal handcrafted metalware and accent candleware lines.",Set reminder to follow up 3 business days post-return,—
Candle Holders,3/9/2026,Celsia Floral Vancouver,events@celsiafloral.com,https://celsiafloral.com,(Sent),"Celsia Floral Vancouver in Vancouver, British Columbia: Active commercial home décor store. Strong candidate for seasonal handcrafted metalware and accent candleware lines.",Ready for initial catalog outreach dispatch,—
Candle Holders,3/9/2026,Flur Floral & Decor Montreal,info@flur.ca,https://flur.ca,(Sent),"Flur Floral & Decor Montreal in Montreal, Quebec: Active commercial home décor store. Strong candidate for seasonal handcrafted metalware and accent candleware lines.",Ready for initial catalog outreach dispatch,—
Candle Holders,3/9/2026,The Flower Factory Vancouver,info@flowerfactory.ca,https://flowerfactory.ca,(Sent),"The Flower Factory Vancouver in Vancouver, British Columbia: Active commercial home décor store. Strong candidate for seasonal handcrafted metalware and accent candleware lines.",Ready for initial catalog outreach dispatch,—
Candle Holders,3/9/2026,Cory Christopher Edmonton,info@corychristopher.ca,https://corychristopher.ca,(Sent),"Cory Christopher Edmonton in Toronto, Ontario: Active commercial home décor store. Strong candidate for seasonal handcrafted metalware and accent candleware lines.",Ready for initial catalog outreach dispatch,—
Candle Holders,3/9/2026,Champalimaud Design NYC,info@champalimaud.design,https://champalimaud.design,(Sent),"Champalimaud Design NYC in New York, New York: Prime South Asian diaspora stockist for handcrafted brass candle holders, diya lanterns, mandir & festive Diwali home decor collections.",Ready for initial catalog outreach dispatch,—
Candle Holders,3/9/2026,AvroKO Design NYC,info@avroko.com,https://avroko.com,(Sent),"AvroKO Design NYC in New York, New York: Prime South Asian diaspora stockist for handcrafted brass candle holders, diya lanterns, mandir & festive Diwali home decor collections.",Ready for initial catalog outreach dispatch,—
Candle Holders,3/9/2026,Meyer Davis Studio NYC & LA,info@meyerdavis.com,https://meyerdavis.com,(Sent),"Meyer Davis Studio NYC & LA in New York, New York: Active commercial home décor store. Strong candidate for seasonal handcrafted metalware and accent candleware lines.",Ready for initial catalog outreach dispatch,—
Candle Holders,3/9/2026,Jeremiah Brent Design NYC & LA,info@jeremiahbrent.com,https://jeremiahbrent.com,(Sent),"Jeremiah Brent Design NYC & LA in New York, New York: Prime South Asian diaspora stockist for handcrafted brass candle holders, diya lanterns, mandir & festive Diwali home decor collections.",Ready for initial catalog outreach dispatch,—
Candle Holders,4/9/2026,Chatham Bars Inn Cape Cod,welcome@chathambarsinn.com,https://chathambarsinn.com,(Sent),"Chatham Bars Inn Cape Cod in New York, New York: Active commercial home décor store. Strong candidate for seasonal handcrafted metalware and accent candleware lines.",Ready for initial catalog outreach dispatch,—
Candle Holders,4/9/2026,Montage Laguna Beach California,mlbreservations@montage.com,https://montagehotels.com,(Sent),"Montage Laguna Beach California in Los Angeles, California: Active commercial home décor store. Strong candidate for seasonal handcrafted metalware and accent candleware lines.",Ready for initial catalog outreach dispatch,—
Candle Holders,4/9/2026,Bright Event Rentals California,info@bright.com,https://bright.com,(Sent),"Bright Event Rentals California in Los Angeles, California: Verified North American commercial buyer for metal candle holders & home accessories.",Ready for initial catalog outreach dispatch,—
Candle Holders,4/9/2026,Party Rental Ltd,info@partyrentalltd.com,https://www.partyrentalltd.com,(Sent),"Party Rental Ltd in New York, New York: Verified North American commercial buyer for metal candle holders & home accessories.",Ready for initial catalog outreach dispatch,—
Candle Holders,4/9/2026,Blueprint Studios Event Design SF,info@blueprintstudios.com,https://www.blueprintstudios.com,(Sent),"Blueprint Studios Event Design SF in Los Angeles, California: Prime South Asian diaspora stockist for handcrafted brass candle holders, diya lanterns, mandir & festive Diwali home decor collections.",Ready for initial catalog outreach dispatch,—
Candle Holders,4/9/2026,Peak Event Services Boston & New England,info@peakeventservices.com,https://www.peakeventservices.com,(Sent),"Peak Event Services Boston & New England in New York, New York: Active commercial home décor store. Strong candidate for seasonal handcrafted metalware and accent candleware lines.",Ready for initial catalog outreach dispatch,—
Candle Holders,4/9/2026,Roots Canada Toronto Flagship,buyers@roots.com,https://roots.com,(Sent),"Roots Canada Toronto Flagship in Toronto, Ontario: Active commercial home décor store. Strong candidate for seasonal handcrafted metalware and accent candleware lines.",Ready for initial catalog outreach dispatch,—
Candle Holders,4/9/2026,Briers Home & Gift Vancouver,info@briers.ca,https://briers.ca,(Sent),"Briers Home & Gift Vancouver in Vancouver, British Columbia: Specialty gift & lifestyle boutique for fast-moving brass votives, candle accessories, and seasonal tabletop gifts.",Ready for initial catalog outreach dispatch,—
Candle Holders,4/9/2026,Serena & Lily San Francisco Pacific Heights,sanfrancisco@serenaandlily.com,https://serenaandlily.com,(Sent),"Serena & Lily San Francisco Pacific Heights in Los Angeles, California: Active commercial home décor store. Strong candidate for seasonal handcrafted metalware and accent candleware lines.",Set reminder to follow up 3 business days post-return,—
Candle Holders,4/9/2026,Surya Living & Tabletop USA,info@surya.com,https://surya.com,(Sent),"Surya Living & Tabletop USA in New York, New York: Active commercial home décor store. Strong candidate for seasonal handcrafted metalware and accent candleware lines.",Ready for initial catalog outreach dispatch,—
Candle Holders,4/9/2026,Casa de Perrin Luxury Tabletop LA,info@casadeperrin.com,https://www.casadeperrin.com,(Sent),"Casa de Perrin Luxury Tabletop LA in Los Angeles, California: Active commercial home décor store. Strong candidate for seasonal handcrafted metalware and accent candleware lines.",Ready for initial catalog outreach dispatch,—
Candle Holders,4/9/2026,Taylor Creative Inc,info@taylorcreativeinc.com,https://taylorcreativeinc.com,Automated Reply,"Taylor Creative Inc in New York, New York: Active commercial home décor store. Strong candidate for seasonal handcrafted metalware and accent candleware lines.",Set reminder to follow up 3 business days post-return,—
Candle Holders,4/9/2026,Giving Gifts & Company Vancouver,lisa@givinggifts.ca,https://givinggifts.ca,(Sent),"Giving Gifts & Company Vancouver in Vancouver, British Columbia: Specialty gift & lifestyle boutique for fast-moving brass votives, candle accessories, and seasonal tabletop gifts.",Ready for initial catalog outreach dispatch,—
Candle Holders,4/9/2026,Free People Movement & Living Philadelphia,buyers@freepeople.com,https://freepeople.com,(Sent),Free People Movement & Living Philadelphia: Verified commercial B2B buyer candidate for handcrafted metal candle holders & lanterns collection.,Follow-up #1 scheduled in 3 business days with collection highlights,—
Candle Holders,4/9/2026,Serena & Lily Dallas Design District,dallas@serenaandlily.com,https://serenaandlily.com,(Sent),"Serena & Lily Dallas Design District in Houston, Texas: Prime South Asian diaspora stockist for handcrafted brass candle holders, diya lanterns, mandir & festive Diwali home decor collections.",Ready for initial catalog outreach dispatch,—
Candle Holders,4/9/2026,Mitchell Gold Furniture,trade@mgbwhome.com,https://mgbwhome.com,(Sent),"Mitchell Gold Furniture in New York, New York: Furniture & home accent showroom. Ideal candidate for tabletop metal candle holders, centerpiece lighting, and modern hurricane lanterns.",Ready for initial catalog outreach dispatch,—
Candle Holders,4/9/2026,Hooker Furniture Living,trade@hookerfurniture.com,https://hookerfurniture.com,(Sent),"Hooker Furniture Living in New York, New York: Furniture & home accent showroom. Ideal candidate for tabletop metal candle holders, centerpiece lighting, and modern hurricane lanterns.",Ready for initial catalog outreach dispatch,—
Candle Holders,4/9/2026,Bernhardt Furniture North Carolina,contact@bernhardt.com,https://bernhardt.com,(Sent),"Bernhardt Furniture North Carolina in New York, New York: Furniture & home accent showroom. Ideal candidate for tabletop metal candle holders, centerpiece lighting, and modern hurricane lanterns.",Ready for initial catalog outreach dispatch,—
Candle Holders,4/9/2026,Century Furniture North Carolina,contact@centuryfurniture.com,https://centuryfurniture.com,(Sent),"Century Furniture North Carolina in New York, New York: Furniture & home accent showroom. Ideal candidate for tabletop metal candle holders, centerpiece lighting, and modern hurricane lanterns.",Ready for initial catalog outreach dispatch,—
Candle Holders,4/9/2026,Lillian August Design Connecticut & NY,info@lillianaugust.com,https://lillianaugust.com,(Sent),"Lillian August Design Connecticut & NY in New York, New York: Prime South Asian diaspora stockist for handcrafted brass candle holders, diya lanterns, mandir & festive Diwali home decor collections.",Ready for initial catalog outreach dispatch,—
Candle Holders,4/9/2026,Manoir Hovey Relais & Chateaux Quebec,info@manoirhovey.com,https://manoirhovey.com,(Sent),"Manoir Hovey Relais & Chateaux Quebec in Toronto, Ontario: Active commercial home décor store. Strong candidate for seasonal handcrafted metalware and accent candleware lines.",Ready for initial catalog outreach dispatch,—
Candle Holders,4/9/2026,Fairmont Jasper Park Lodge Alberta,jasperparklodge@fairmont.com,https://fairmont.com,Automated Reply,"Fairmont Jasper Park Lodge Alberta in Toronto, Ontario: Active commercial home décor store. Strong candidate for seasonal handcrafted metalware and accent candleware lines.",Set reminder to follow up 3 business days post-return,—
Candle Holders,4/9/2026,Fairmont Le Chateau Frontenac Quebec,chateaufrontenac@fairmont.com,https://fairmont.com,(Sent),"Fairmont Le Chateau Frontenac Quebec in Toronto, Ontario: Active commercial home décor store. Strong candidate for seasonal handcrafted metalware and accent candleware lines.",Ready for initial catalog outreach dispatch,—
Candle Holders,7/9/2026,The Breakers Palm Beach Florida,commercial@thebreakers.com,https://thebreakers.com,(Sent),"The Breakers Palm Beach Florida in Miami, Florida: Active commercial home décor store. Strong candidate for seasonal handcrafted metalware and accent candleware lines.",Ready for initial catalog outreach dispatch,—
Candle Holders,7/9/2026,Meg Lonergan Interiors Houston,info@meglonergan.com,https://meglonergan.com,(Sent),"Meg Lonergan Interiors Houston in Houston, Texas: Design studio sourcing curated metal accents for commercial and residential styling projects.",Ready for initial catalog outreach dispatch,—
Candle Holders,7/9/2026,Cortney Bishop Design Charleston,info@cortneybishop.com,https://cortneybishop.com,(Sent),"Cortney Bishop Design Charleston in New York, New York: Prime South Asian diaspora stockist for handcrafted brass candle holders, diya lanterns, mandir & festive Diwali home decor collections.",Ready for initial catalog outreach dispatch,—
Candle Holders,7/9/2026,SFMOMA Museum Store,museumstore@sfmoma.org,https://museumstore.sfmoma.org,(Sent),"SFMOMA Museum Store in Los Angeles, California: Active commercial home décor store. Strong candidate for seasonal handcrafted metalware and accent candleware lines.",Ready for initial catalog outreach dispatch,—
Candle Holders,7/9/2026,Getty Museum Store,bookstore@getty.edu,https://shop.getty.edu,(Sent),"Getty Museum Store in Los Angeles, California: Active commercial home décor store. Strong candidate for seasonal handcrafted metalware and accent candleware lines.",Ready for initial catalog outreach dispatch,—
Candle Holders,7/9/2026,General Store,info@shop-generalstore.com,https://shop-generalstore.com,(Sent),"General Store in Los Angeles, California: Active commercial home décor store. Strong candidate for seasonal handcrafted metalware and accent candleware lines.",Ready for initial catalog outreach dispatch,—
Candle Holders,7/9/2026,March San Francisco Tabletop,info@marchsf.com,https://marchsf.com,Automated Reply,"March San Francisco Tabletop in Los Angeles, California: Active commercial home décor store. Strong candidate for seasonal handcrafted metalware and accent candleware lines.",Set reminder to follow up 3 business days post-return,—
Candle Holders,7/9/2026,Studio Shamshiri Los Angeles,info@studioshamshiri.com,https://studioshamshiri.com,(Sent),"Studio Shamshiri Los Angeles in Los Angeles, California: Active commercial home décor store. Strong candidate for seasonal handcrafted metalware and accent candleware lines.",Ready for initial catalog outreach dispatch,—
Candle Holders,7/9/2026,Workstead Design Studio Brooklyn,info@workstead.com,https://workstead.com,(Sent),"Workstead Design Studio Brooklyn in New York, New York: Prime South Asian diaspora stockist for handcrafted brass candle holders, diya lanterns, mandir & festive Diwali home decor collections.",Set reminder to follow up 3 business days post-return,—
Candle Holders,7/9/2026,Mark D. Sikes Interiors LA,info@markdsikes.com,https://markdsikes.com,(Sent),"Mark D. Sikes Interiors LA in New York, New York: Design studio sourcing curated metal accents for commercial and residential styling projects.",Ready for initial catalog outreach dispatch,—
Candle Holders,7/9/2026,Canadian Tire Living & Home,trade@canadiantire.ca,https://canadiantire.ca,(Sent),"Canadian Tire Living & Home in Toronto, Ontario: Active commercial home décor store. Strong candidate for seasonal handcrafted metalware and accent candleware lines.",Ready for initial catalog outreach dispatch,—
Candle Holders,7/9/2026,Home Hardware Stores Canada,contact@homehardware.ca,https://homehardware.ca,(Sent),"Home Hardware Stores Canada in Toronto, Ontario: Active commercial home décor store. Strong candidate for seasonal handcrafted metalware and accent candleware lines.",Ready for initial catalog outreach dispatch,—
Candle Holders,7/9/2026,San Francisco Bay Living Studio,orders@sfbayliving.com,https://sfbayliving.com,(Sent),San Francisco Bay Living Studio: Verified commercial B2B buyer candidate for handcrafted metal candle holders & lanterns collection.,Remove or obtain updated buyer email,—
Candle Holders,7/9/2026,Jonathan Adler Modern Home USA,trade@jonathanadler.com,https://jonathanadler.com,(Sent),"Jonathan Adler Modern Home USA in New York, New York: Active commercial home décor store. Strong candidate for seasonal handcrafted metalware and accent candleware lines.",Ready for initial catalog outreach dispatch,—
Candle Holders,7/9/2026,Westboro Village Home & Living,orders@westboroliving.ca,https://westboroliving.ca,(Sent),"Westboro Village Home & Living in Ottawa, Ontario: Specialty gift & lifestyle boutique for fast-moving brass votives, candle accessories, and seasonal tabletop gifts.",Ready for initial catalog outreach dispatch,—
Candle Holders,7/9/2026,Soma Chocolatemaker & Living Toronto,info@somachocolate.com,https://somachocolate.com,(Sent),"Soma Chocolatemaker & Living Toronto in Toronto, Ontario: Active commercial home décor store. Strong candidate for seasonal handcrafted metalware and accent candleware lines.",Ready for initial catalog outreach dispatch,—
Candle Holders,7/9/2026,Maison Birks Canada Luxury Tabletop,info@birks.com,https://birks.com,(Sent),"Maison Birks Canada Luxury Tabletop in Toronto, Ontario: Active commercial home décor store. Strong candidate for seasonal handcrafted metalware and accent candleware lines.",Ready for initial catalog outreach dispatch,—
Candle Holders,7/9/2026,Whitney Museum Shop NYC,shop@whitney.org,https://whitney.org,(Sent),"Whitney Museum Shop NYC in New York, New York: Active commercial home décor store. Strong candidate for seasonal handcrafted metalware and accent candleware lines.",Ready for initial catalog outreach dispatch,—
Candle Holders,7/9/2026,Fishs Eddy NYC Tabletop,info@fishseddy.com,https://fishseddy.com,(Sent),"Fishs Eddy NYC Tabletop in New York, New York: Active commercial home décor store. Strong candidate for seasonal handcrafted metalware and accent candleware lines.",Ready for initial catalog outreach dispatch,—
Candle Holders,7/9/2026,Goodliver Los Angeles,info@good-liver.com,https://good-liver.com,(Sent),"Goodliver Los Angeles in Los Angeles, California: Active commercial home décor store. Strong candidate for seasonal handcrafted metalware and accent candleware lines.",Ready for initial catalog outreach dispatch,—
Candle Holders,7/9/2026,The Cross Decor & Design Vancouver,shop@thecrossdesign.com,https://thecrossdesign.com,(Sent),"The Cross Decor & Design Vancouver in Vancouver, British Columbia: Prime South Asian diaspora stockist for handcrafted brass candle holders, diya lanterns, mandir & festive Diwali home decor collections.",Ready for initial catalog outreach dispatch,—
Candle Holders,7/9/2026,Falken Reynolds Interiors Vancouver,info@falkenreynolds.com,https://falkenreynolds.com,(Sent),"Falken Reynolds Interiors Vancouver in Vancouver, British Columbia: Design studio sourcing curated metal accents for commercial and residential styling projects.",Ready for initial catalog outreach dispatch,—
Candle Holders,7/9/2026,Sophie Burke Design Vancouver,info@sophieburkedesign.com,https://sophieburkedesign.com,(Sent),"Sophie Burke Design Vancouver in Vancouver, British Columbia: Prime South Asian diaspora stockist for handcrafted brass candle holders, diya lanterns, mandir & festive Diwali home decor collections.",Ready for initial catalog outreach dispatch,—
Candle Holders,8/9/2026,Sonora Resort British Columbia,info@sonoraresort.com,https://sonoraresort.com,(Sent),"Sonora Resort British Columbia in Toronto, Ontario: Verified North American commercial buyer for metal candle holders & home accessories.","Send wholesale catalog, MOQ matrix & custom pricing deck",—
Candle Holders,8/9/2026,Zone Maison Quebec,info@zonemaison.com,https://www.zonemaison.com,(Sent),"Zone Maison Quebec in Montreal, Quebec: Active commercial home décor store. Strong candidate for seasonal handcrafted metalware and accent candleware lines.","Send wholesale catalog, MOQ matrix & custom pricing deck",—
Candle Holders,8/9/2026,Teatro Verde Luxury Living Toronto,info@teatroverde.com,https://www.teatroverde.com,(Sent),"Teatro Verde Luxury Living Toronto in Toronto, Ontario: Active commercial home décor store. Strong candidate for seasonal handcrafted metalware and accent candleware lines.","Send wholesale catalog, MOQ matrix & custom pricing deck",—
Candle Holders,8/9/2026,Boutique Coeur d'Artichaut Montreal,info@coeurdartichaut.ca,https://coeurdartichaut.ca,(Sent),"Boutique Coeur d'Artichaut Montreal in Montreal, Quebec: Active commercial home décor store. Strong candidate for seasonal handcrafted metalware and accent candleware lines.","Send wholesale catalog, MOQ matrix & custom pricing deck",—
Candle Holders,8/9/2026,Cecconi Simone Toronto,mail@cecconisimone.com,https://cecconisimone.com,(Sent),"Cecconi Simone Toronto in Toronto, Ontario: Active commercial home décor store. Strong candidate for seasonal handcrafted metalware and accent candleware lines.","Send wholesale catalog, MOQ matrix & custom pricing deck",—
Candle Holders,8/9/2026,Lalique Crystal & Decor NYC,trade@lalique.com,https://lalique.com,(Sent),"Lalique Crystal & Decor NYC in New York, New York: Active commercial home décor store. Strong candidate for seasonal handcrafted metalware and accent candleware lines.","Send wholesale catalog, MOQ matrix & custom pricing deck",—
Candle Holders,8/9/2026,Baccarat Luxury Crystal NYC,baccarat_us@baccarat.fr,https://baccarat.com,(Sent),"Baccarat Luxury Crystal NYC in New York, New York: Active commercial home décor store. Strong candidate for seasonal handcrafted metalware and accent candleware lines.","Send wholesale catalog, MOQ matrix & custom pricing deck",—
Candle Holders,8/9/2026,Mason Studio Toronto,info@masonstudio.com,https://masonstudio.com,(Sent),Mason Studio Toronto: Verified commercial B2B buyer candidate for handcrafted metal candle holders & lanterns collection.,Follow-up #1 scheduled in 3 business days with collection highlights,—
Candle Holders,8/9/2026,Studio Munge Toronto,info@studiomunge.com,https://studiomunge.com,(Sent),Studio Munge Toronto: Verified commercial B2B buyer candidate for handcrafted metal candle holders & lanterns collection.,Follow-up #1 scheduled in 3 business days with collection highlights,—
Candle Holders,8/9/2026,DesignAgency Toronto & Montreal,info@thedesignagency.ca,https://thedesignagency.ca,(Sent),DesignAgency Toronto & Montreal: Verified commercial B2B buyer candidate for handcrafted metal candle holders & lanterns collection.,Follow-up #1 scheduled in 3 business days with collection highlights,—
Candle Holders,8/9/2026,Burdifilek Design Studio Toronto,info@burdifilek.com,https://burdifilek.com,(Sent),Burdifilek Design Studio Toronto: Verified commercial B2B buyer candidate for handcrafted metal candle holders & lanterns collection.,Follow-up #1 scheduled in 3 business days with collection highlights,—
Candle Holders,8/9/2026,Kirkland's Home Decor USA,trade@kirklands.com,https://www.kirklands.com,(Sent),Kirkland's Home Decor USA: Verified commercial B2B buyer candidate for handcrafted metal candle holders & lanterns collection.,Follow-up #1 scheduled in 3 business days with collection highlights,—
Candle Holders,8/9/2026,Horchow Luxury Tabletop USA,trade@horchow.com,https://www.horchow.com,(Sent),Horchow Luxury Tabletop USA: Verified commercial B2B buyer candidate for handcrafted metal candle holders & lanterns collection.,Follow-up #1 scheduled in 3 business days with collection highlights,—
Candle Holders,8/9/2026,Frontgate Luxury Living USA,trade@frontgate.com,https://www.frontgate.com,(Sent),Frontgate Luxury Living USA: Verified commercial B2B buyer candidate for handcrafted metal candle holders & lanterns collection.,Follow-up #1 scheduled in 3 business days with collection highlights,—
Candle Holders,8/9/2026,Year & Day Tableware California,hello@yearandday.com,https://yearandday.com,(Sent),Year & Day Tableware California: Verified commercial B2B buyer candidate for handcrafted metal candle holders & lanterns collection.,Follow-up #1 scheduled in 3 business days with collection highlights,—
Candle Holders,8/9/2026,Wicker Park Home Accents,buyers@wickerparkhome.com,https://wickerparkhome.com,(Sent),Wicker Park Home Accents: Verified commercial B2B buyer candidate for handcrafted metal candle holders & lanterns collection.,Follow-up #1 scheduled in 3 business days with collection highlights,—
Candle Holders,8/9/2026,Ballard Artisan Home & Decor,buyers@ballardhome.com,https://ballardhome.com,(Sent),Ballard Artisan Home & Decor: Verified commercial B2B buyer candidate for handcrafted metal candle holders & lanterns collection.,Follow-up #1 scheduled in 3 business days with collection highlights,—
Candle Holders,8/9/2026,Silver Lake Lifestyle & Home,buyers@silverlakeliving.com,https://silverlakeliving.com,(Sent),Silver Lake Lifestyle & Home: Verified commercial B2B buyer candidate for handcrafted metal candle holders & lanterns collection.,Remove or obtain updated buyer email,—
Candle Holders,8/9/2026,Hawkins New York Lifestyle,trade@hawkinsnewyork.com,https://hawkinsnewyork.com,(Sent),Hawkins New York Lifestyle: Verified commercial B2B buyer candidate for handcrafted metal candle holders & lanterns collection.,Follow-up #1 scheduled in 3 business days with collection highlights,—
Candle Holders,8/9/2026,Sasha Souza Events California,info@sashasouzaevents.com,https://sashasouzaevents.com,(Sent),Sasha Souza Events California: Verified commercial B2B buyer candidate for handcrafted metal candle holders & lanterns collection.,Follow-up #1 scheduled in 3 business days with collection highlights,—
Candle Holders,8/9/2026,Marcy Blum Associates NYC,info@marcyblum.com,https://marcyblum.com,(Sent),Marcy Blum Associates NYC: Verified commercial B2B buyer candidate for handcrafted metal candle holders & lanterns collection.,Follow-up #1 scheduled in 3 business days with collection highlights,—
Candle Holders,8/9/2026,Bryan Rafanelli Events Boston & NYC,info@rafanellievents.com,https://rafanellievents.com,(Sent),Bryan Rafanelli Events Boston & NYC: Verified commercial B2B buyer candidate for handcrafted metal candle holders & lanterns collection.,Follow-up #1 scheduled in 3 business days with collection highlights,—
Candle Holders,8/9/2026,Van Wyck & Van Wyck NYC,info@vanwyck.net,https://vanwyck.net,(Sent),Van Wyck & Van Wyck NYC: Verified commercial B2B buyer candidate for handcrafted metal candle holders & lanterns collection.,Follow-up #1 scheduled in 3 business days with collection highlights,—
Candle Holders,8/9/2026,David Stark Design and Production Brooklyn,info@davidstarkdesign.com,https://davidstarkdesign.com,(Sent),David Stark Design and Production Brooklyn: Verified commercial B2B buyer candidate for handcrafted metal candle holders & lanterns collection.,Follow-up #1 scheduled in 3 business days with collection highlights,—
Candle Holders,8/9/2026,Alison Events Destination Planning SF,info@alisonevents.com,https://alisonevents.com,(Sent),Alison Events Destination Planning SF: Verified commercial B2B buyer candidate for handcrafted metal candle holders & lanterns collection.,Follow-up #1 scheduled in 3 business days with collection highlights,—
Candle Holders,8/9/2026,Tara Guerard Soiree Charleston,info@taraguerardsoiree.com,https://taraguerardsoiree.com,(Sent),Tara Guerard Soiree Charleston: Verified commercial B2B buyer candidate for handcrafted metal candle holders & lanterns collection.,Follow-up #1 scheduled in 3 business days with collection highlights,—
Candle Holders,8/9/2026,Apparatus Studio NYC,info@apparatusstudio.com,https://apparatusstudio.com,Automated Reply,Apparatus Studio NYC: Established luxury hospitality & tabletop decor buyer. Received automated away acknowledgement.,Set reminder to follow up 3 business days post-return,—
Candle Holders,9/9/2026,Serena & Lily Chicago Lincoln Park,chicagodesignshop@serenaandlily.com,https://www.serenaandlily.com,(Sent),Serena & Lily Chicago Lincoln Park: Verified commercial B2B buyer candidate for handcrafted metal candle holders & lanterns collection.,Remove or obtain updated buyer email,—
Candle Holders,9/9/2026,Montage Palmetto Bluff South Carolina,mpbreservations@montage.com,https://www.montagehotels.com,(Sent),Montage Palmetto Bluff South Carolina: Verified commercial B2B buyer candidate for handcrafted metal candle holders & lanterns collection.,Follow-up #1 scheduled in 3 business days with collection highlights,—
Candle Holders,9/9/2026,Montage Deer Valley Utah,mdvreservations@montage.com,https://www.montagehotels.com,(Sent),Montage Deer Valley Utah: Verified commercial B2B buyer candidate for handcrafted metal candle holders & lanterns collection.,Follow-up #1 scheduled in 3 business days with collection highlights,—
Candle Holders,9/9/2026,The Plaza Hotel New York,theplaza@fairmont.com,https://www.theplazany.com,(Sent),The Plaza Hotel New York: Verified commercial B2B buyer candidate for handcrafted metal candle holders & lanterns collection.,Follow-up #1 scheduled in 3 business days with collection highlights,—
Candle Holders,9/9/2026,Heritage India Crafts Houston,wholesale@heritageindiacrafts.com,https://www.heritageindiacrafts.com,(Sent),Heritage India Crafts Houston: Verified commercial B2B buyer candidate for handcrafted metal candle holders & lanterns collection.,Remove or obtain updated buyer email,—
Candle Holders,9/9/2026,Lincoln Park Living & Decor Chicago,purchasing@lincolnparkliving.com,https://www.lincolnparkliving.com,(Sent),Lincoln Park Living & Decor Chicago: Verified commercial B2B buyer candidate for handcrafted metal candle holders & lanterns collection.,Remove or obtain updated buyer email,—
Candle Holders,9/9/2026,Paloma Contreras Design Houston,info@palomacontreras.com,https://www.palomacontreras.com,(Sent),Paloma Contreras Design Houston: Verified commercial B2B buyer candidate for handcrafted metal candle holders & lanterns collection.,Remove or obtain updated buyer email,—
Candle Holders,9/9/2026,Marie Flanigan Interiors Houston,info@marieflanigan.com,https://www.marieflanigan.com,(Sent),Marie Flanigan Interiors Houston: Verified commercial B2B buyer candidate for handcrafted metal candle holders & lanterns collection.,Remove or obtain updated buyer email,—
Candle Holders,9/9/2026,Commune Design Los Angeles,info@communedesign.com,https://www.communedesign.com,(Sent),Commune Design Los Angeles: Verified commercial B2B buyer candidate for handcrafted metal candle holders & lanterns collection.,Follow-up #1 scheduled in 3 business days with collection highlights,—
Candle Holders,9/9/2026,Coral Gables Home & Gift Emporium,orders@coralgablesliving.com,https://www.coralgablesliving.com,(Sent),Coral Gables Home & Gift Emporium: Verified commercial B2B buyer candidate for handcrafted metal candle holders & lanterns collection.,Remove or obtain updated buyer email,—
